	bgc_id	bgcflow_GCF_id
1	CP126521.1.region006	bgcflow_GCF_1
2	CP126100.1.region005	bgcflow_GCF_1
3	JASNQX010000006.1.region006	bgcflow_GCF_1
4	CP128118.1.region003	bgcflow_GCF_1
5	CP126096.1.region005	bgcflow_GCF_1
6	CP126085.1.region003	bgcflow_GCF_1
7	JAVIWA010000059.1.region001	bgcflow_GCF_1
8	JAVIVV010000002.1.region005	bgcflow_GCF_1
9	JAUCFF010000009.1.region005	bgcflow_GCF_1
10	CP126090.1.region006	bgcflow_GCF_1
11	JAUCFU010000008.1.region003	bgcflow_GCF_1
12	JAUCFA010000002.1.region005	bgcflow_GCF_1
13	JAVIVP010000001.1.region005	bgcflow_GCF_1
14	CP128109.1.region005	bgcflow_GCF_1
15	JAUCFQ010000001.1.region008	bgcflow_GCF_1
16	CP126083.1.region005	bgcflow_GCF_1
17	CP126086.1.region005	bgcflow_GCF_1
18	JAVIVR010000002.1.region006	bgcflow_GCF_1
19	CP126094.1.region005	bgcflow_GCF_1
20	JAUCFE010000008.1.region007	bgcflow_GCF_1
21	JAUCFO010000001.1.region008	bgcflow_GCF_1
22	CP126081.1.region006	bgcflow_GCF_1
23	CP128137.1.region005	bgcflow_GCF_1
24	JAUCFD010000009.1.region004	bgcflow_GCF_1
25	CP126515.1.region005	bgcflow_GCF_1
26	CP126530.1.region005	bgcflow_GCF_1
27	JAUCFN010000002.1.region005	bgcflow_GCF_1
28	JAUCEL010000001.1.region005	bgcflow_GCF_1
29	JAUCFV010000005.1.region001	bgcflow_GCF_1
30	JAUCFB010000001.1.region005	bgcflow_GCF_1
31	JAUCEM010000006.1.region009	bgcflow_GCF_1
32	CP126112.1.region002	bgcflow_GCF_1
33	JAVIVU010000001.1.region003	bgcflow_GCF_1
34	JAUCFJ010000002.1.region001	bgcflow_GCF_1
35	CP128166.1.region006	bgcflow_GCF_1
36	JAUCFH010000001.1.region005	bgcflow_GCF_1
37	CP126520.1.region005	bgcflow_GCF_1
38	CP126091.1.region004	bgcflow_GCF_1
39	JAUCET010000002.1.region006	bgcflow_GCF_1
40	JAUCFM010000004.1.region007	bgcflow_GCF_1
41	CP128114.1.region005	bgcflow_GCF_1
42	CP126089.1.region003	bgcflow_GCF_1
43	JAUCEO010000003.1.region005	bgcflow_GCF_1
44	CP126099.1.region005	bgcflow_GCF_1
45	JAUCEQ010000002.1.region006	bgcflow_GCF_1
46	JAUCFI010000003.1.region002	bgcflow_GCF_1
47	CP128116.1.region005	bgcflow_GCF_1
48	JAUCEW010000003.1.region003	bgcflow_GCF_1
49	CP128168.1.region005	bgcflow_GCF_1
50	CP126093.1.region001	bgcflow_GCF_1
51	CP126106.1.region004	bgcflow_GCF_1
52	CP128119.1.region006	bgcflow_GCF_1
53	CP126525.1.region005	bgcflow_GCF_1
54	CP126524.1.region005	bgcflow_GCF_1
55	JAUCEY010000008.1.region007	bgcflow_GCF_1
56	CP126104.1.region007	bgcflow_GCF_1
57	JAUCFC010000003.1.region005	bgcflow_GCF_1
58	CP126105.1.region007	bgcflow_GCF_1
59	JAUCFX010000005.1.region004	bgcflow_GCF_1
60	JAUCFG010000002.1.region005	bgcflow_GCF_1
61	JAVIVQ010000001.1.region006	bgcflow_GCF_1
62	CP126688.1.region006	bgcflow_GCF_1
63	CP126087.1.region006	bgcflow_GCF_1
64	JAUCEN010000002.1.region001	bgcflow_GCF_1
65	JAVIVY010000003.1.region005	bgcflow_GCF_1
66	JAVIVN010000001.1.region005	bgcflow_GCF_1
67	CP126082.1.region005	bgcflow_GCF_1
68	JAUCFW010000007.1.region004	bgcflow_GCF_1
69	CP126103.1.region001	bgcflow_GCF_1
70	CP128153.1.region003	bgcflow_GCF_1
71	CP126111.1.region002	bgcflow_GCF_1
72	JAUCFT010000008.1.region004	bgcflow_GCF_1
73	CP128112.1.region006	bgcflow_GCF_1
74	JAUCEX010000002.1.region006	bgcflow_GCF_1
75	CP128107.1.region005	bgcflow_GCF_1
76	JAVIVO010000001.1.region004	bgcflow_GCF_1
77	JAUCEV010000001.1.region001	bgcflow_GCF_1
78	CP128149.1.region006	bgcflow_GCF_1
79	CP126590.1.region006	bgcflow_GCF_1
80	CP126092.1.region003	bgcflow_GCF_1
81	CP126097.1.region004	bgcflow_GCF_1
82	JAUCFS010000005.1.region005	bgcflow_GCF_1
83	CP127376.1.region005	bgcflow_GCF_1
84	BGC0001095	bgcflow_GCF_1
85	CP128183.1.region005	bgcflow_GCF_1
86	CP127194.1.region007	bgcflow_GCF_1
87	CP126115.1.region001	bgcflow_GCF_1
88	CP126101.1.region001	bgcflow_GCF_1
89	JAVIVZ010000001.1.region004	bgcflow_GCF_1
90	JAVIVX010000001.1.region004	bgcflow_GCF_1
91	CP128129.1.region005	bgcflow_GCF_1
92	JAUCEZ010000009.1.region007	bgcflow_GCF_1
93	CP126098.1.region003	bgcflow_GCF_1
94	JAUCFK010000007.1.region004	bgcflow_GCF_1
95	CP128152.1.region004	bgcflow_GCF_1
96	JAVIVR010000002.1.region005	bgcflow_GCF_2
97	JAUCER010000002.1.region004	bgcflow_GCF_2
98	BGC0000607	bgcflow_GCF_2
99	CP126082.1.region007	bgcflow_GCF_2
100	JAUCEO010000003.1.region007	bgcflow_GCF_2
101	JAUCFE010000008.1.region005	bgcflow_GCF_2
102	CP126091.1.region007	bgcflow_GCF_2
103	JAUCET010000002.1.region008	bgcflow_GCF_2
104	JAVIVR010000001.1.region002	bgcflow_GCF_2
105	CP126109.1.region003	bgcflow_GCF_2
106	CP126083.1.region007	bgcflow_GCF_2
107	CP126081.1.region003	bgcflow_GCF_2
108	CP128109.1.region003	bgcflow_GCF_2
109	CP126521.1.region004	bgcflow_GCF_2
110	CP126086.1.region006	bgcflow_GCF_2
111	CP126087.1.region008	bgcflow_GCF_2
112	CP126521.1.region008	bgcflow_GCF_2
113	JAVIVU010000001.1.region005	bgcflow_GCF_2
114	CP126094.1.region007	bgcflow_GCF_2
115	JAUCEO010000003.1.region006	bgcflow_GCF_2
116	JAUCEO010000003.1.region003	bgcflow_GCF_2
117	CP126090.1.region007	bgcflow_GCF_2
118	CP126096.1.region007	bgcflow_GCF_2
119	CP126090.1.region004	bgcflow_GCF_2
120	JAUCFF010000009.1.region008	bgcflow_GCF_2
121	CP126521.1.region007	bgcflow_GCF_2
122	JAUCEX010000002.1.region007	bgcflow_GCF_2
123	JAUCFV010000005.1.region002	bgcflow_GCF_2
124	BGC0002432	bgcflow_GCF_2
125	JAUCFY010000002.1.region003	bgcflow_GCF_2
126	JAUCEU010000007.1.region004	bgcflow_GCF_2
127	JAUCEX010000002.1.region004	bgcflow_GCF_2
128	CP126093.1.region004	bgcflow_GCF_2
129	BGC0001847	bgcflow_GCF_2
130	CP126115.1.region005	bgcflow_GCF_2
131	JAUCFD010000009.1.region006	bgcflow_GCF_2
132	JAUCEQ010000002.1.region008	bgcflow_GCF_2
133	CP128114.1.region006	bgcflow_GCF_2
134	CP126530.1.region007	bgcflow_GCF_2
135	CP126100.1.region007	bgcflow_GCF_2
136	CP128109.1.region006	bgcflow_GCF_2
137	CP126086.1.region003	bgcflow_GCF_2
138	CP128114.1.region003	bgcflow_GCF_2
139	CP126087.1.region004	bgcflow_GCF_2
140	CP128109.1.region007	bgcflow_GCF_2
141	CP128114.1.region007	bgcflow_GCF_2
142	CP126087.1.region007	bgcflow_GCF_2
143	CP128183.1.region007	bgcflow_GCF_2
144	JAVIVR010000002.1.region004	bgcflow_GCF_2
145	JAUCFV010000005.1.region003	bgcflow_GCF_2
146	CP128116.1.region007	bgcflow_GCF_2
147	JAUCFV010000005.1.region011	bgcflow_GCF_2
148	CP126090.1.region008	bgcflow_GCF_2
149	CP126096.1.region003	bgcflow_GCF_2
150	CP126081.1.region007	bgcflow_GCF_2
151	CP126096.1.region006	bgcflow_GCF_2
152	JAUCFC010000003.1.region008	bgcflow_GCF_2
153	JAVIWA010000059.1.region003	bgcflow_GCF_2
154	CP126097.1.region006	bgcflow_GCF_2
155	CP126081.1.region008	bgcflow_GCF_2
156	CP126086.1.region007	bgcflow_GCF_2
157	JAUCFL010000007.1.region013	bgcflow_GCF_3
158	CP126104.1.region012	bgcflow_GCF_3
159	CP126520.1.region004	bgcflow_GCF_3
160	CP126082.1.region008	bgcflow_GCF_3
161	CP126100.1.region008	bgcflow_GCF_3
162	CP126105.1.region011	bgcflow_GCF_3
163	CP128149.1.region004	bgcflow_GCF_3
164	JAVIVY010000003.1.region003	bgcflow_GCF_3
165	JAUCEQ010000002.1.region010	bgcflow_GCF_3
166	CP128116.1.region008	bgcflow_GCF_3
167	CP126097.1.region007	bgcflow_GCF_3
168	CP128183.1.region008	bgcflow_GCF_3
169	JAUCFA010000002.1.region003	bgcflow_GCF_3
170	CP126515.1.region003	bgcflow_GCF_3
171	CP126084.1.region005	bgcflow_GCF_3
172	JAVIVX010000001.1.region003	bgcflow_GCF_3
173	JAUCEM010000006.1.region007	bgcflow_GCF_3
174	CP128152.1.region003	bgcflow_GCF_3
175	JAUCET010000002.1.region010	bgcflow_GCF_3
176	CP128137.1.region004	bgcflow_GCF_3
177	CP126530.1.region008	bgcflow_GCF_3
178	CP126590.1.region004	bgcflow_GCF_3
179	CP128129.1.region004	bgcflow_GCF_3
180	CP126525.1.region004	bgcflow_GCF_3
181	JAUCFB010000001.1.region003	bgcflow_GCF_3
182	CP126083.1.region008	bgcflow_GCF_3
183	CP128119.1.region004	bgcflow_GCF_3
184	JAVIVV010000002.1.region007	bgcflow_GCF_3
185	JAUKNS010000004.1.region004	bgcflow_GCF_3
186	CP126688.1.region004	bgcflow_GCF_3
187	CP128112.1.region004	bgcflow_GCF_3
188	JAUCFX010000005.1.region013	bgcflow_GCF_3
189	CP126099.1.region004	bgcflow_GCF_3
190	JAUCFM010000004.1.region011	bgcflow_GCF_3
191	JAVIVO010000016.1.region002	bgcflow_GCF_3
192	JAVIVQ010000001.1.region007	bgcflow_GCF_3
193	CP128107.1.region003	bgcflow_GCF_3
194	JAVIVU010000001.1.region006	bgcflow_GCF_3
195	JAVIVN010000001.1.region006	bgcflow_GCF_3
196	CP127194.1.region005	bgcflow_GCF_3
197	JAUCFF010000009.1.region009	bgcflow_GCF_3
198	BGC0000309	bgcflow_GCF_3
199	JAUCFN010000002.1.region004	bgcflow_GCF_3
200	CP126094.1.region008	bgcflow_GCF_3
201	CP126524.1.region004	bgcflow_GCF_3
202	JAUCFE010000008.1.region004	bgcflow_GCF_3
203	CP128166.1.region008	bgcflow_GCF_3
204	JASNQX010000006.1.region002	bgcflow_GCF_3
205	JAUCFC010000003.1.region009	bgcflow_GCF_3
206	JAUCFH010000001.1.region008	bgcflow_GCF_4
207	CP126114.1.region005	bgcflow_GCF_4
208	CP128107.1.region008	bgcflow_GCF_4
209	JAVIVY010000002.1.region001	bgcflow_GCF_4
210	JAVIVQ010000001.1.region001	bgcflow_GCF_4
211	CP126106.1.region008	bgcflow_GCF_4
212	CP126109.1.region007	bgcflow_GCF_4
213	CP126092.1.region006	bgcflow_GCF_4
214	JAUCEW010000003.1.region006	bgcflow_GCF_4
215	CP128119.1.region010	bgcflow_GCF_4
216	JAUCFG010000002.1.region008	bgcflow_GCF_4
217	JAUKNS010000002.1.region004	bgcflow_GCF_4
218	CP128137.1.region011	bgcflow_GCF_4
219	CP128112.1.region010	bgcflow_GCF_4
220	JAUCFL010000007.1.region008	bgcflow_GCF_4
221	JAUCFA010000002.1.region008	bgcflow_GCF_4
222	JAUCFB010000001.1.region008	bgcflow_GCF_4
223	CP126085.1.region006	bgcflow_GCF_4
224	JAVIVX010000003.1.region001	bgcflow_GCF_4
225	CP126114.1.region006	bgcflow_GCF_4
226	JAUCFI010000003.1.region005	bgcflow_GCF_4
227	JAUCEY010000008.1.region004	bgcflow_GCF_4
228	JAUCFW010000001.1.region001	bgcflow_GCF_4
229	JAUCFS010000005.1.region008	bgcflow_GCF_4
230	CP126524.1.region010	bgcflow_GCF_4
231	CP126111.1.region008	bgcflow_GCF_4
232	JAVIVP010000001.1.region002	bgcflow_GCF_4
233	JAUCFU010000008.1.region008	bgcflow_GCF_4
234	CP126112.1.region005	bgcflow_GCF_4
235	CP126098.1.region006	bgcflow_GCF_4
236	CP127376.1.region008	bgcflow_GCF_4
237	JAUCFQ010000001.1.region005	bgcflow_GCF_4
238	CP128166.1.region003	bgcflow_GCF_4
239	JAVIVZ010000001.1.region001	bgcflow_GCF_4
240	JAUCFT010000008.1.region008	bgcflow_GCF_4
241	BGC0001356	bgcflow_GCF_4
242	JAUCEZ010000009.1.region004	bgcflow_GCF_4
243	CP126108.1.region006	bgcflow_GCF_4
244	CP128153.1.region008	bgcflow_GCF_4
245	CP128149.1.region012	bgcflow_GCF_4
246	CP128129.1.region011	bgcflow_GCF_4
247	CP126525.1.region010	bgcflow_GCF_4
248	CP126520.1.region010	bgcflow_GCF_4
249	CP126080.1.region001	bgcflow_GCF_4
250	CP128118.1.region006	bgcflow_GCF_4
251	JAUCEV010000008.1.region006	bgcflow_GCF_4
252	JAUCFO010000001.1.region007	bgcflow_GCF_4
253	JAUCFR010000004.1.region007	bgcflow_GCF_4
254	JAUCEO010000003.1.region004	bgcflow_GCF_5
255	CP126106.1.region012	bgcflow_GCF_5
256	JAVIVP010000029.1.region001	bgcflow_GCF_5
257	JAVIVT010000001.1.region001	bgcflow_GCF_5
258	JAUCFQ010000001.1.region001	bgcflow_GCF_5
259	CP126521.1.region005	bgcflow_GCF_5
260	CP128109.1.region004	bgcflow_GCF_5
261	CP128114.1.region004	bgcflow_GCF_5
262	CP126090.1.region005	bgcflow_GCF_5
263	CP126087.1.region005	bgcflow_GCF_5
264	CP126098.1.region009	bgcflow_GCF_5
265	JAUCFV010000005.1.region012	bgcflow_GCF_5
266	JAUCER010000002.1.region003	bgcflow_GCF_5
267	JAVIVR010000001.1.region001	bgcflow_GCF_5
268	CP126096.1.region004	bgcflow_GCF_5
269	CP128118.1.region009	bgcflow_GCF_5
270	JAUCEY010000008.1.region001	bgcflow_GCF_5
271	CP126085.1.region009	bgcflow_GCF_5
272	JAUCFD010000009.1.region003	bgcflow_GCF_5
273	CP126091.1.region003	bgcflow_GCF_5
274	JAUCEX010000002.1.region005	bgcflow_GCF_5
275	CP126081.1.region004	bgcflow_GCF_5
276	CP126089.1.region008	bgcflow_GCF_5
277	CP126109.1.region002	bgcflow_GCF_5
278	CP126086.1.region004	bgcflow_GCF_5
279	JAUCEW010000003.1.region009	bgcflow_GCF_5
280	JAVIWA010000001.1.region003	bgcflow_GCF_5
281	JAUCEN010000002.1.region007	bgcflow_GCF_5
282	JAUCFI010000003.1.region008	bgcflow_GCF_5
283	JAUCEU010000007.1.region003	bgcflow_GCF_5
284	CP126092.1.region009	bgcflow_GCF_5
285	BGC0002633	bgcflow_GCF_5
286	JAUCEV010000008.1.region003	bgcflow_GCF_5
287	JAUCEZ010000009.1.region001	bgcflow_GCF_5
288	CP126088.1.region004	bgcflow_GCF_5
289	JAUCFY010000002.1.region002	bgcflow_GCF_5
290	CP128168.1.region003	bgcflow_GCF_5
291	JAUCES010000005.1.region004	bgcflow_GCF_5
292	CP126112.1.region008	bgcflow_GCF_5
293	BGC0002683	bgcflow_GCF_5
294	CP126093.1.region005	bgcflow_GCF_5
295	JAUCFO010000001.1.region001	bgcflow_GCF_5
296	JAUCFA010000002.1.region007	bgcflow_GCF_6
297	CP128152.1.region008	bgcflow_GCF_6
298	JAVIVX010000001.1.region006	bgcflow_GCF_6
299	CP126525.1.region009	bgcflow_GCF_6
300	CP128119.1.region008	bgcflow_GCF_6
301	JAUCFH010000001.1.region007	bgcflow_GCF_6
302	JAUCEM010000006.1.region002	bgcflow_GCF_6
303	CP127376.1.region007	bgcflow_GCF_6
304	CP128149.1.region010	bgcflow_GCF_6
305	JAVIVN010000001.1.region001	bgcflow_GCF_6
306	JAUCEL010000001.1.region001	bgcflow_GCF_6
307	CP127194.1.region011	bgcflow_GCF_6
308	JAUCFS010000005.1.region007	bgcflow_GCF_6
309	CP126590.1.region010	bgcflow_GCF_6
310	JAUCFU010000008.1.region006	bgcflow_GCF_6
311	CP128153.1.region001	bgcflow_GCF_6
312	CP126515.1.region007	bgcflow_GCF_6
313	JAUCFG010000002.1.region007	bgcflow_GCF_6
314	JAVIVV010000002.1.region001	bgcflow_GCF_6
315	BGC0000916	bgcflow_GCF_6
316	JAVIVQ010000001.1.region002	bgcflow_GCF_6
317	JAVIVZ010000001.1.region002	bgcflow_GCF_6
318	CP128137.1.region009	bgcflow_GCF_6
319	JAUCFU010000008.1.region001	bgcflow_GCF_6
320	CP128166.1.region004	bgcflow_GCF_6
321	JAUCFN010000002.1.region009	bgcflow_GCF_6
322	CP128112.1.region009	bgcflow_GCF_6
323	CP126099.1.region009	bgcflow_GCF_6
324	JAUCFB010000001.1.region007	bgcflow_GCF_6
325	CP128107.1.region007	bgcflow_GCF_6
326	JAUCFW010000001.1.region002	bgcflow_GCF_6
327	CP126688.1.region010	bgcflow_GCF_6
328	JAUCFT010000008.1.region006	bgcflow_GCF_6
329	CP126524.1.region009	bgcflow_GCF_6
330	CP126520.1.region009	bgcflow_GCF_6
331	CP128129.1.region009	bgcflow_GCF_6
332	CP128153.1.region006	bgcflow_GCF_6
333	JAVIVY010000003.1.region009	bgcflow_GCF_6
334	JAUCFS010000005.1.region003	bgcflow_GCF_7
335	JAUCFG010000002.1.region003	bgcflow_GCF_7
336	CP126524.1.region003	bgcflow_GCF_7
337	JAUCFN010000002.1.region003	bgcflow_GCF_7
338	JAVIVZ010000001.1.region006	bgcflow_GCF_7
339	CP128112.1.region003	bgcflow_GCF_7
340	CP126102.1.region001	bgcflow_GCF_7
341	JAUCEM010000006.1.region006	bgcflow_GCF_7
342	CP127376.1.region004	bgcflow_GCF_7
343	CP127194.1.region004	bgcflow_GCF_7
344	CP126688.1.region003	bgcflow_GCF_7
345	CP128152.1.region002	bgcflow_GCF_7
346	CP128107.1.region002	bgcflow_GCF_7
347	JAUCFH010000001.1.region003	bgcflow_GCF_7
348	JAUCFA010000002.1.region002	bgcflow_GCF_7
349	CP128129.1.region003	bgcflow_GCF_7
350	CP126525.1.region003	bgcflow_GCF_7
351	JAVIVY010000003.1.region002	bgcflow_GCF_7
352	JAUCFU010000008.1.region002	bgcflow_GCF_7
353	CP128166.1.region001	bgcflow_GCF_7
354	CP126590.1.region003	bgcflow_GCF_7
355	CP126520.1.region003	bgcflow_GCF_7
356	JAVIVV010000002.1.region008	bgcflow_GCF_7
357	CP126515.1.region002	bgcflow_GCF_7
358	JAUCFP010000006.1.region003	bgcflow_GCF_7
359	JAUCFB010000001.1.region002	bgcflow_GCF_7
360	CP126099.1.region003	bgcflow_GCF_7
361	CP126108.1.region001	bgcflow_GCF_7
362	CP128119.1.region003	bgcflow_GCF_7
363	BGC0000942	bgcflow_GCF_7
364	JAUCFW010000007.1.region002	bgcflow_GCF_7
365	JAUCEL010000001.1.region002	bgcflow_GCF_7
366	JAVIVN010000001.1.region007	bgcflow_GCF_7
367	CP128137.1.region003	bgcflow_GCF_7
368	CP128149.1.region003	bgcflow_GCF_7
369	CP128153.1.region002	bgcflow_GCF_7
370	JAVIVQ010000001.1.region008	bgcflow_GCF_7
371	JAUCFA010000002.1.region001	bgcflow_GCF_8
372	JAUCFG010000002.1.region002	bgcflow_GCF_8
373	CP126515.1.region001	bgcflow_GCF_8
374	CP128152.1.region001	bgcflow_GCF_8
375	CP127376.1.region002	bgcflow_GCF_8
376	CP128129.1.region001	bgcflow_GCF_8
377	JAVIVY010000003.1.region001	bgcflow_GCF_8
378	CP127194.1.region003	bgcflow_GCF_8
379	CP126524.1.region002	bgcflow_GCF_8
380	CP126688.1.region002	bgcflow_GCF_8
381	CP128166.1.region002	bgcflow_GCF_8
382	CP128112.1.region002	bgcflow_GCF_8
383	CP126520.1.region002	bgcflow_GCF_8
384	JAVIVN010000015.1.region002	bgcflow_GCF_8
385	CP126590.1.region002	bgcflow_GCF_8
386	JAUCFW010000007.1.region001	bgcflow_GCF_8
387	JAUCFS010000005.1.region002	bgcflow_GCF_8
388	CP126525.1.region002	bgcflow_GCF_8
389	CP128119.1.region002	bgcflow_GCF_8
390	JAVIVZ010000001.1.region007	bgcflow_GCF_8
391	BGC0001595	bgcflow_GCF_8
392	JAVIVV010000002.1.region009	bgcflow_GCF_8
393	CP128149.1.region001	bgcflow_GCF_8
394	CP128137.1.region001	bgcflow_GCF_8
395	JAVIVX010000001.1.region001	bgcflow_GCF_8
396	CP126099.1.region002	bgcflow_GCF_8
397	BGC0000668	bgcflow_GCF_8
398	JAUCFB010000001.1.region001	bgcflow_GCF_8
399	JAUCFH010000001.1.region002	bgcflow_GCF_8
400	CP128107.1.region001	bgcflow_GCF_8
401	JAUCFN010000002.1.region002	bgcflow_GCF_8
402	JAVIVQ010000001.1.region009	bgcflow_GCF_8
403	JAUCEM010000006.1.region005	bgcflow_GCF_8
404	JAUCFC010000003.1.region012	bgcflow_GCF_9
405	CP126087.1.region011	bgcflow_GCF_9
406	JAVIVO010000016.1.region001	bgcflow_GCF_9
407	CP126105.1.region012	bgcflow_GCF_9
408	CP126097.1.region010	bgcflow_GCF_9
409	JAUCFM010000004.1.region013	bgcflow_GCF_9
410	CP126100.1.region010	bgcflow_GCF_9
411	CP126083.1.region012	bgcflow_GCF_9
412	CP126086.1.region010	bgcflow_GCF_9
413	BGC0000888	bgcflow_GCF_9
414	CP126104.1.region013	bgcflow_GCF_9
415	CP126521.1.region011	bgcflow_GCF_9
416	CP126082.1.region012	bgcflow_GCF_9
417	JAUCEX010000002.1.region009	bgcflow_GCF_9
418	JAUCEQ010000002.1.region013	bgcflow_GCF_9
419	CP128183.1.region012	bgcflow_GCF_9
420	JAUCFE010000008.1.region001	bgcflow_GCF_9
421	CP126090.1.region011	bgcflow_GCF_9
422	JAUCFX010000005.1.region012	bgcflow_GCF_9
423	JAUCFF010000009.1.region012	bgcflow_GCF_9
424	CP128116.1.region010	bgcflow_GCF_9
425	JAUCFV010000005.1.region006	bgcflow_GCF_9
426	JAVIVU010000001.1.region009	bgcflow_GCF_9
427	CP126530.1.region010	bgcflow_GCF_9
428	JASNQX010000006.1.region001	bgcflow_GCF_9
429	CP126081.1.region011	bgcflow_GCF_9
430	JAUCET010000002.1.region013	bgcflow_GCF_9
431	BGC0001184	bgcflow_GCF_9
432	CP126094.1.region012	bgcflow_GCF_9
433	CP126688.1.region008	bgcflow_GCF_10
434	JAUCFW010000007.1.region005	bgcflow_GCF_10
435	JAVIVY010000003.1.region007	bgcflow_GCF_10
436	CP128137.1.region007	bgcflow_GCF_10
437	JAUCFN010000002.1.region007	bgcflow_GCF_10
438	JAUCFS010000005.1.region006	bgcflow_GCF_10
439	JAVIVN010000001.1.region003	bgcflow_GCF_10
440	JAUCFG010000002.1.region006	bgcflow_GCF_10
441	CP126525.1.region007	bgcflow_GCF_10
442	JAVIVZ010000001.1.region003	bgcflow_GCF_10
443	JAUCFA010000002.1.region006	bgcflow_GCF_10
444	JAUCFH010000001.1.region006	bgcflow_GCF_10
445	JAUCFB010000001.1.region006	bgcflow_GCF_10
446	CP128152.1.region007	bgcflow_GCF_10
447	CP128129.1.region007	bgcflow_GCF_10
448	CP127194.1.region009	bgcflow_GCF_10
449	CP126590.1.region008	bgcflow_GCF_10
450	CP126524.1.region007	bgcflow_GCF_10
451	JAUCEM010000006.1.region001	bgcflow_GCF_10
452	CP126520.1.region007	bgcflow_GCF_10
453	CP128112.1.region007	bgcflow_GCF_10
454	CP128107.1.region006	bgcflow_GCF_10
455	JAVIVQ010000001.1.region004	bgcflow_GCF_10
456	CP128149.1.region008	bgcflow_GCF_10
457	CP128166.1.region005	bgcflow_GCF_10
458	JAVIVV010000002.1.region003	bgcflow_GCF_10
459	CP126094.1.region006	bgcflow_GCF_11
460	CP126091.1.region006	bgcflow_GCF_11
461	JAUCFX010000005.1.region003	bgcflow_GCF_11
462	JAUCFM010000004.1.region008	bgcflow_GCF_11
463	CP128183.1.region006	bgcflow_GCF_11
464	CP128116.1.region006	bgcflow_GCF_11
465	CP126530.1.region006	bgcflow_GCF_11
466	CP126083.1.region006	bgcflow_GCF_11
467	CP126105.1.region008	bgcflow_GCF_11
468	JAUCFD010000009.1.region005	bgcflow_GCF_11
469	JAUCFE010000008.1.region006	bgcflow_GCF_11
470	JAUCFC010000003.1.region006	bgcflow_GCF_11
471	JAUCFF010000009.1.region006	bgcflow_GCF_11
472	JAVIWA010000059.1.region002	bgcflow_GCF_11
473	CP126082.1.region006	bgcflow_GCF_11
474	JASNQX010000006.1.region005	bgcflow_GCF_11
475	CP126104.1.region008	bgcflow_GCF_11
476	CP126100.1.region006	bgcflow_GCF_11
477	JAVIVU010000001.1.region004	bgcflow_GCF_11
478	JAVIVO010000001.1.region003	bgcflow_GCF_11
479	JAUCEQ010000002.1.region007	bgcflow_GCF_11
480	JAUCET010000002.1.region007	bgcflow_GCF_11
481	CP126097.1.region005	bgcflow_GCF_11
482	CP126105.1.region001	bgcflow_GCF_12
483	CP126083.1.region001	bgcflow_GCF_12
484	JAUCET010000002.1.region002	bgcflow_GCF_12
485	JASNQX010000006.1.region012	bgcflow_GCF_12
486	JAUCFM010000004.1.region001	bgcflow_GCF_12
487	JAUCFE010000008.1.region010	bgcflow_GCF_12
488	CP126097.1.region001	bgcflow_GCF_12
489	CP126530.1.region001	bgcflow_GCF_12
490	JAVIVO010000002.1.region001	bgcflow_GCF_12
491	CP126094.1.region001	bgcflow_GCF_12
492	JAUCFF010000009.1.region002	bgcflow_GCF_12
493	CP126100.1.region001	bgcflow_GCF_12
494	BGC0000433	bgcflow_GCF_12
495	JAUCEQ010000002.1.region002	bgcflow_GCF_12
496	JAUCFX010000005.1.region011	bgcflow_GCF_12
497	CP126104.1.region001	bgcflow_GCF_12
498	CP126082.1.region001	bgcflow_GCF_12
499	JAVIVU010000011.1.region001	bgcflow_GCF_12
500	JAUCFC010000003.1.region002	bgcflow_GCF_12
501	CP128183.1.region002	bgcflow_GCF_12
502	CP128116.1.region001	bgcflow_GCF_12
503	JAVIVV010000001.1.region002	bgcflow_GCF_12
504	JAUCFX010000005.1.region005	bgcflow_GCF_13
505	JAUCET010000002.1.region005	bgcflow_GCF_13
506	CP126083.1.region004	bgcflow_GCF_13
507	JAUCEQ010000002.1.region005	bgcflow_GCF_13
508	BGC0001089	bgcflow_GCF_13
509	JAUCFE010000008.1.region008	bgcflow_GCF_13
510	JAUCFM010000004.1.region006	bgcflow_GCF_13
511	CP128116.1.region004	bgcflow_GCF_13
512	JAVIVO010000001.1.region009	bgcflow_GCF_13
513	CP126082.1.region004	bgcflow_GCF_13
514	JASNQX010000006.1.region007	bgcflow_GCF_13
515	CP126105.1.region006	bgcflow_GCF_13
516	JAVIVO010000001.1.region005	bgcflow_GCF_13
517	CP126104.1.region006	bgcflow_GCF_13
518	JAVIVU010000001.1.region002	bgcflow_GCF_13
519	CP126097.1.region003	bgcflow_GCF_13
520	CP126094.1.region004	bgcflow_GCF_13
521	JAUCFC010000003.1.region004	bgcflow_GCF_13
522	CP128183.1.region004	bgcflow_GCF_13
523	JAUCFF010000009.1.region004	bgcflow_GCF_13
524	CP126530.1.region004	bgcflow_GCF_13
525	CP126100.1.region004	bgcflow_GCF_13
526	CP126101.1.region007	bgcflow_GCF_14
527	JAUCFV010000005.1.region008	bgcflow_GCF_14
528	JAUCEL010000008.1.region003	bgcflow_GCF_14
529	JAVIWA010000001.1.region008	bgcflow_GCF_14
530	BGC0002695	bgcflow_GCF_14
531	JAUCFJ010000002.1.region005	bgcflow_GCF_14
532	CP128114.1.region010	bgcflow_GCF_14
533	CP126090.1.region012	bgcflow_GCF_14
534	JAUCFD010000009.1.region008	bgcflow_GCF_14
535	JAUCFK010000007.1.region003	bgcflow_GCF_14
536	CP126521.1.region012	bgcflow_GCF_14
537	CP128109.1.region009	bgcflow_GCF_14
538	CP126096.1.region011	bgcflow_GCF_14
539	CP126081.1.region012	bgcflow_GCF_14
540	CP126087.1.region012	bgcflow_GCF_14
541	CP126103.1.region007	bgcflow_GCF_14
542	CP126091.1.region010	bgcflow_GCF_14
543	CP128118.1.region008	bgcflow_GCF_15
544	CP126092.1.region008	bgcflow_GCF_15
545	JAUCEN010000002.1.region005	bgcflow_GCF_15
546	JAUCEV010000008.1.region004	bgcflow_GCF_15
547	CP126085.1.region008	bgcflow_GCF_15
548	CP126106.1.region011	bgcflow_GCF_15
549	JAUCEZ010000009.1.region002	bgcflow_GCF_15
550	JAUCFI010000003.1.region007	bgcflow_GCF_15
551	JAVIVP010000029.1.region002	bgcflow_GCF_15
552	CP126098.1.region008	bgcflow_GCF_15
553	CP126089.1.region007	bgcflow_GCF_15
554	CP126112.1.region007	bgcflow_GCF_15
555	JAUCFO010000001.1.region003	bgcflow_GCF_15
556	BGC0002043	bgcflow_GCF_15
557	JAUCEY010000008.1.region002	bgcflow_GCF_15
558	JAUCFQ010000001.1.region003	bgcflow_GCF_15
559	JAUCEW010000003.1.region008	bgcflow_GCF_15
560	CP126106.1.region009	bgcflow_GCF_16
561	CP126112.1.region006	bgcflow_GCF_16
562	JAUCEN010000002.1.region004	bgcflow_GCF_16
563	CP128118.1.region007	bgcflow_GCF_16
564	JAUCEV010000008.1.region005	bgcflow_GCF_16
565	CP126098.1.region007	bgcflow_GCF_16
566	JAUCFO010000001.1.region004	bgcflow_GCF_16
567	CP126089.1.region006	bgcflow_GCF_16
568	JAUCEW010000003.1.region007	bgcflow_GCF_16
569	JAUCFI010000003.1.region006	bgcflow_GCF_16
570	CP126085.1.region007	bgcflow_GCF_16
571	CP126092.1.region007	bgcflow_GCF_16
572	JAUCEZ010000009.1.region003	bgcflow_GCF_16
573	JAVIVP010000001.1.region001	bgcflow_GCF_16
574	JAUCEY010000008.1.region003	bgcflow_GCF_16
575	JAUCFQ010000001.1.region004	bgcflow_GCF_16
576	CP127194.1.region010	bgcflow_GCF_17
577	JAVIVY010000003.1.region006	bgcflow_GCF_17
578	CP126688.1.region009	bgcflow_GCF_17
579	CP128152.1.region006	bgcflow_GCF_17
580	JAUCFN010000002.1.region008	bgcflow_GCF_17
581	JAVIVN010000001.1.region002	bgcflow_GCF_17
582	CP128129.1.region006	bgcflow_GCF_17
583	CP126099.1.region008	bgcflow_GCF_17
584	CP126590.1.region009	bgcflow_GCF_17
585	CP128137.1.region006	bgcflow_GCF_17
586	JAVIVV010000002.1.region002	bgcflow_GCF_17
587	JAVIVQ010000001.1.region003	bgcflow_GCF_17
588	CP126520.1.region008	bgcflow_GCF_17
589	CP128149.1.region007	bgcflow_GCF_17
590	CP126525.1.region008	bgcflow_GCF_17
591	CP126524.1.region008	bgcflow_GCF_17
592	CP126096.1.region002	bgcflow_GCF_18
593	CP126521.1.region002	bgcflow_GCF_18
594	JAVIWA010000001.1.region005	bgcflow_GCF_18
595	CP126087.1.region002	bgcflow_GCF_18
596	CP126086.1.region002	bgcflow_GCF_18
597	CP128109.1.region002	bgcflow_GCF_18
598	JAUCFV010000005.1.region010	bgcflow_GCF_18
599	JAUCEO010000003.1.region002	bgcflow_GCF_18
600	CP126090.1.region002	bgcflow_GCF_18
601	CP126091.1.region001	bgcflow_GCF_18
602	JAVIVR010000019.1.region001	bgcflow_GCF_18
603	BGC0000381	bgcflow_GCF_18
604	CP126081.1.region001	bgcflow_GCF_18
605	JAUCFD010000009.1.region001	bgcflow_GCF_18
606	CP128114.1.region001	bgcflow_GCF_18
607	JAUCEX010000002.1.region002	bgcflow_GCF_18
608	CP126085.1.region004	bgcflow_GCF_19
609	JAUCEZ010000009.1.region006	bgcflow_GCF_19
610	JAUCFI010000003.1.region003	bgcflow_GCF_19
611	CP126092.1.region004	bgcflow_GCF_19
612	JAUCFO010000001.1.region006	bgcflow_GCF_19
613	CP126106.1.region006	bgcflow_GCF_19
614	JAUCEW010000003.1.region004	bgcflow_GCF_19
615	CP126112.1.region003	bgcflow_GCF_19
616	JAUCFQ010000001.1.region007	bgcflow_GCF_19
617	JAUCEN010000002.1.region002	bgcflow_GCF_19
618	CP126089.1.region004	bgcflow_GCF_19
619	JAVIVP010000001.1.region004	bgcflow_GCF_19
620	JAUCEY010000008.1.region006	bgcflow_GCF_19
621	JAUCEV010000008.1.region008	bgcflow_GCF_19
622	CP128118.1.region004	bgcflow_GCF_19
623	CP126098.1.region004	bgcflow_GCF_19
624	CP128118.1.region005	bgcflow_GCF_20
625	JAUCEW010000003.1.region005	bgcflow_GCF_20
626	JAUCFI010000003.1.region004	bgcflow_GCF_20
627	CP126098.1.region005	bgcflow_GCF_20
628	JAUCEV010000008.1.region007	bgcflow_GCF_20
629	CP126092.1.region005	bgcflow_GCF_20
630	CP126112.1.region004	bgcflow_GCF_20
631	CP126106.1.region007	bgcflow_GCF_20
632	JAUCFO010000001.1.region005	bgcflow_GCF_20
633	JAVIVP010000001.1.region003	bgcflow_GCF_20
634	JAUCFQ010000001.1.region006	bgcflow_GCF_20
635	JAUCEZ010000009.1.region005	bgcflow_GCF_20
636	JAUCEY010000008.1.region005	bgcflow_GCF_20
637	JAUCEN010000002.1.region003	bgcflow_GCF_20
638	CP126089.1.region005	bgcflow_GCF_20
639	CP126085.1.region005	bgcflow_GCF_20
640	CP126530.1.region009	bgcflow_GCF_21
641	CP126097.1.region009	bgcflow_GCF_21
642	CP128183.1.region011	bgcflow_GCF_21
643	JAVIVU010000001.1.region008	bgcflow_GCF_21
644	JAUCET010000002.1.region012	bgcflow_GCF_21
645	JAUCFF010000009.1.region011	bgcflow_GCF_21
646	CP126082.1.region011	bgcflow_GCF_21
647	BGC0000602	bgcflow_GCF_21
648	JAUCFC010000003.1.region011	bgcflow_GCF_21
649	CP126094.1.region011	bgcflow_GCF_21
650	CP126083.1.region011	bgcflow_GCF_21
651	JAUCFE010000008.1.region002	bgcflow_GCF_21
652	JAUCEQ010000002.1.region012	bgcflow_GCF_21
653	CP128116.1.region009	bgcflow_GCF_21
654	CP126100.1.region009	bgcflow_GCF_21
655	CP126082.1.region010	bgcflow_GCF_22
656	CP126097.1.region008	bgcflow_GCF_22
657	CP126091.1.region009	bgcflow_GCF_22
658	JAUCFD010000009.1.region007	bgcflow_GCF_22
659	BGC0002103	bgcflow_GCF_22
660	JAUCFC010000003.1.region010	bgcflow_GCF_22
661	CP128183.1.region009	bgcflow_GCF_22
662	CP126094.1.region010	bgcflow_GCF_22
663	JAVIVU010000001.1.region007	bgcflow_GCF_22
664	CP126083.1.region010	bgcflow_GCF_22
665	JAUCFE010000008.1.region003	bgcflow_GCF_22
666	JAUCFF010000009.1.region010	bgcflow_GCF_22
667	JAVIVN010000014.1.region002	bgcflow_GCF_22
668	JAUCEQ010000002.1.region011	bgcflow_GCF_22
669	JAUCET010000002.1.region011	bgcflow_GCF_22
670	CP126089.1.region001	bgcflow_GCF_23
671	CP126092.1.region001	bgcflow_GCF_23
672	JAUCEY010000008.1.region009	bgcflow_GCF_23
673	BGC0000377	bgcflow_GCF_23
674	JAUCEZ010000009.1.region009	bgcflow_GCF_23
675	CP126106.1.region001	bgcflow_GCF_23
676	CP126085.1.region001	bgcflow_GCF_23
677	CP126112.1.region001	bgcflow_GCF_23
678	JAUCEV010000008.1.region002	bgcflow_GCF_23
679	JAUCEW010000003.1.region001	bgcflow_GCF_23
680	JAVIVP010000003.1.region001	bgcflow_GCF_23
681	CP128118.1.region001	bgcflow_GCF_23
682	CP126098.1.region001	bgcflow_GCF_23
683	JAUCFI010000003.1.region001	bgcflow_GCF_23
684	CP126083.1.region002	bgcflow_GCF_24
685	CP126082.1.region002	bgcflow_GCF_24
686	JAUCFE010000008.1.region009	bgcflow_GCF_24
687	JAVIVU010000001.1.region001	bgcflow_GCF_24
688	CP128116.1.region003	bgcflow_GCF_24
689	JAUCFC010000003.1.region003	bgcflow_GCF_24
690	JAUCFF010000009.1.region003	bgcflow_GCF_24
691	CP126100.1.region003	bgcflow_GCF_24
692	JAUCEQ010000002.1.region004	bgcflow_GCF_24
693	CP126094.1.region002	bgcflow_GCF_24
694	CP126097.1.region002	bgcflow_GCF_24
695	CP126530.1.region003	bgcflow_GCF_24
696	JAUCET010000002.1.region004	bgcflow_GCF_24
697	CP128183.1.region003	bgcflow_GCF_24
698	BGC0000601	bgcflow_GCF_25
699	JAUCEX010000002.1.region001	bgcflow_GCF_25
700	JAVIVR010000019.1.region002	bgcflow_GCF_25
701	CP126087.1.region001	bgcflow_GCF_25
702	JAUCFV010000005.1.region009	bgcflow_GCF_25
703	CP126086.1.region001	bgcflow_GCF_25
704	CP126096.1.region001	bgcflow_GCF_25
705	BGC0001005	bgcflow_GCF_25
706	CP126521.1.region001	bgcflow_GCF_25
707	JAUCEO010000003.1.region001	bgcflow_GCF_25
708	CP126090.1.region001	bgcflow_GCF_25
709	JAUCFC010000003.1.region001	bgcflow_GCF_25
710	JAUCFF010000009.1.region001	bgcflow_GCF_25
711	CP126590.1.region007	bgcflow_GCF_26
712	CP126688.1.region007	bgcflow_GCF_26
713	JAVIVV010000002.1.region004	bgcflow_GCF_26
714	CP126524.1.region006	bgcflow_GCF_26
715	JAUCEM010000006.1.region010	bgcflow_GCF_26
716	CP127194.1.region008	bgcflow_GCF_26
717	CP128152.1.region005	bgcflow_GCF_26
718	JAVIVQ010000001.1.region005	bgcflow_GCF_26
719	JAVIVN010000001.1.region004	bgcflow_GCF_26
720	CP126099.1.region006	bgcflow_GCF_26
721	CP126520.1.region006	bgcflow_GCF_26
722	CP126525.1.region006	bgcflow_GCF_26
723	JAUCFN010000002.1.region006	bgcflow_GCF_26
724	JAVIVV010000002.1.region006	bgcflow_GCF_27
725	CP127194.1.region006	bgcflow_GCF_27
726	CP128135.1.region001	bgcflow_GCF_27
727	CP128141.1.region002	bgcflow_GCF_27
728	CP126688.1.region005	bgcflow_GCF_27
729	CP128143.1.region001	bgcflow_GCF_27
730	JAVIVX010000001.1.region002	bgcflow_GCF_27
731	BGC0002625	bgcflow_GCF_27
732	JAVIVY010000032.1.region001	bgcflow_GCF_27
733	CP128151.1.region001	bgcflow_GCF_27
734	JAUCEM010000006.1.region008	bgcflow_GCF_27
735	JAUCFB010000007.1.region001	bgcflow_GCF_27
736	CP126590.1.region005	bgcflow_GCF_27
737	CP126081.1.region009	bgcflow_GCF_28
738	CP126087.1.region010	bgcflow_GCF_28
739	CP126086.1.region009	bgcflow_GCF_28
740	CP128114.1.region009	bgcflow_GCF_28
741	JAUCFV010000005.1.region005	bgcflow_GCF_28
742	JAUCEO010000003.1.region009	bgcflow_GCF_28
743	CP126096.1.region009	bgcflow_GCF_28
744	CP126521.1.region009	bgcflow_GCF_28
745	BGC0000469	bgcflow_GCF_28
746	CP126090.1.region010	bgcflow_GCF_28
747	JAUCEX010000002.1.region008	bgcflow_GCF_28
748	JAVIVR010000002.1.region002	bgcflow_GCF_28
749	JAUCEQ010000002.1.region003	bgcflow_GCF_29
750	CP126687.1.region002	bgcflow_GCF_29
751	CP127376.1.region001	bgcflow_GCF_29
752	CP126521.1.region003	bgcflow_GCF_29
753	JAUCET010000002.1.region003	bgcflow_GCF_29
754	CP126090.1.region003	bgcflow_GCF_29
755	JAUCEX010000002.1.region003	bgcflow_GCF_29
756	CP126592.1.region001	bgcflow_GCF_29
757	CP126087.1.region003	bgcflow_GCF_29
758	CP126081.1.region002	bgcflow_GCF_29
759	BGC0001059	bgcflow_GCF_29
760	JAVIVO010000001.1.region008	bgcflow_GCF_30
761	BGC0000693	bgcflow_GCF_30
762	CP126105.1.region002	bgcflow_GCF_30
763	CP126091.1.region002	bgcflow_GCF_30
764	JAVIWA010000001.1.region004	bgcflow_GCF_30
765	JASNQX010000006.1.region010	bgcflow_GCF_30
766	JAUCFD010000009.1.region002	bgcflow_GCF_30
767	JAUCFX010000005.1.region008	bgcflow_GCF_30
768	JAUCFM010000004.1.region003	bgcflow_GCF_30
769	CP126104.1.region003	bgcflow_GCF_30
770	JAVIVX010000004.1.region001	bgcflow_GCF_31
771	BGC0000523	bgcflow_GCF_31
772	JAUCFU010000008.1.region005	bgcflow_GCF_31
773	CP126687.1.region001	bgcflow_GCF_31
774	BGC0000600	bgcflow_GCF_31
775	CP126515.1.region004	bgcflow_GCF_31
776	CP128153.1.region005	bgcflow_GCF_31
777	JAVIVX010000005.1.region001	bgcflow_GCF_31
778	JAUCFT010000006.1.region001	bgcflow_GCF_31
779	CP126085.1.region002	bgcflow_GCF_32
780	CP126089.1.region002	bgcflow_GCF_32
781	JAUCEV010000008.1.region001	bgcflow_GCF_32
782	BGC0000093	bgcflow_GCF_32
783	CP128118.1.region002	bgcflow_GCF_32
784	JAVIVP010000003.1.region002	bgcflow_GCF_32
785	JAUCEW010000003.1.region002	bgcflow_GCF_32
786	CP126092.1.region002	bgcflow_GCF_32
787	CP126098.1.region002	bgcflow_GCF_32
788	CP126590.1.region001	bgcflow_GCF_33
789	CP126525.1.region001	bgcflow_GCF_33
790	JAUCEM010000006.1.region004	bgcflow_GCF_33
791	CP126520.1.region001	bgcflow_GCF_33
792	JAVIVQ010000019.1.region001	bgcflow_GCF_33
793	CP127194.1.region001	bgcflow_GCF_33
794	CP126524.1.region001	bgcflow_GCF_33
795	CP126688.1.region001	bgcflow_GCF_33
796	JAVIVV010000001.1.region001	bgcflow_GCF_33
797	JAVIWA010000001.1.region002	bgcflow_GCF_34
798	JAUKNS010000007.1.region001	bgcflow_GCF_34
799	CP126106.1.region005	bgcflow_GCF_34
800	JAVIVM010000005.1.region001	bgcflow_GCF_34
801	BGC0002488	bgcflow_GCF_34
802	CP126078.1.region001	bgcflow_GCF_34
803	JAUCEL010000001.1.region004	bgcflow_GCF_34
804	JAUCFL010000007.1.region001	bgcflow_GCF_34
805	CP128114.1.region002	bgcflow_GCF_35
806	JAUCFJ010000002.1.region004	bgcflow_GCF_35
807	CP126101.1.region006	bgcflow_GCF_35
808	JAUCEL010000008.1.region002	bgcflow_GCF_35
809	JAUCFX010000005.1.region010	bgcflow_GCF_35
810	CP126103.1.region006	bgcflow_GCF_35
811	JAUCFK010000007.1.region002	bgcflow_GCF_35
812	BGC0000082	bgcflow_GCF_35
813	CP126094.1.region009	bgcflow_GCF_36
814	CP126083.1.region009	bgcflow_GCF_36
815	CP128127.1.region001	bgcflow_GCF_36
816	CP126082.1.region009	bgcflow_GCF_36
817	BGC0000511	bgcflow_GCF_36
818	BGC0000559	bgcflow_GCF_36
819	BGC0000506	bgcflow_GCF_36
820	JAVIWA010000001.1.region006	bgcflow_GCF_36
821	BGC0002653	bgcflow_GCF_37
822	BGC0000403	bgcflow_GCF_37
823	BGC0001153	bgcflow_GCF_37
824	CP126084.1.region003	bgcflow_GCF_37
825	JAUCFL010000007.1.region016	bgcflow_GCF_37
826	BGC0001192	bgcflow_GCF_37
827	BGC0000408	bgcflow_GCF_37
828	CP126079.1.region016	bgcflow_GCF_37
829	JAUCFM010000004.1.region005	bgcflow_GCF_38
830	CP126104.1.region005	bgcflow_GCF_38
831	JAVIVO010000001.1.region006	bgcflow_GCF_38
832	JAUCFX010000005.1.region006	bgcflow_GCF_38
833	BGC0001383	bgcflow_GCF_38
834	BGC0000181	bgcflow_GCF_38
835	CP126105.1.region005	bgcflow_GCF_38
836	JASNQX010000006.1.region008	bgcflow_GCF_38
837	BGC0001114	bgcflow_GCF_39
838	CP126084.1.region002	bgcflow_GCF_39
839	CP126083.1.region014	bgcflow_GCF_39
840	JAUCFC010000003.1.region014	bgcflow_GCF_39
841	CP126094.1.region014	bgcflow_GCF_39
842	CP126082.1.region014	bgcflow_GCF_39
843	JAUCFF010000009.1.region014	bgcflow_GCF_39
844	JAUCFV010000005.1.region004	bgcflow_GCF_40
845	CP128109.1.region008	bgcflow_GCF_40
846	CP126087.1.region009	bgcflow_GCF_40
847	CP126096.1.region008	bgcflow_GCF_40
848	CP126090.1.region009	bgcflow_GCF_40
849	CP126086.1.region008	bgcflow_GCF_40
850	CP128114.1.region008	bgcflow_GCF_40
851	BGC0000176	bgcflow_GCF_41
852	JAUCFM010000004.1.region010	bgcflow_GCF_41
853	JAUCFX010000005.1.region001	bgcflow_GCF_41
854	JAVIVO010000001.1.region001	bgcflow_GCF_41
855	JASNQX010000006.1.region003	bgcflow_GCF_41
856	CP126104.1.region010	bgcflow_GCF_41
857	CP126105.1.region010	bgcflow_GCF_41
858	JAUCFL010000007.1.region015	bgcflow_GCF_42
859	CP128168.1.region004	bgcflow_GCF_42
860	JAUCES010000005.1.region005	bgcflow_GCF_42
861	JAVIVT010000002.1.region002	bgcflow_GCF_42
862	BGC0000645	bgcflow_GCF_42
863	CP126095.1.region007	bgcflow_GCF_42
864	JAUKNS010000004.1.region003	bgcflow_GCF_42
865	BGC0002472	bgcflow_GCF_43
866	JAVIVM010000002.1.region001	bgcflow_GCF_43
867	CP126103.1.region003	bgcflow_GCF_43
868	CP126078.1.region008	bgcflow_GCF_43
869	JAUCFK010000007.1.region006	bgcflow_GCF_43
870	CP126101.1.region003	bgcflow_GCF_43
871	CP128107.1.region004	bgcflow_GCF_44
872	CP128112.1.region005	bgcflow_GCF_44
873	JAVIVY010000003.1.region004	bgcflow_GCF_44
874	CP128149.1.region005	bgcflow_GCF_44
875	JAUCFB010000001.1.region004	bgcflow_GCF_44
876	JAUCFA010000002.1.region004	bgcflow_GCF_44
877	CP126104.1.region009	bgcflow_GCF_45
878	JAUCFM010000004.1.region009	bgcflow_GCF_45
879	CP126105.1.region009	bgcflow_GCF_45
880	JAUCFX010000005.1.region002	bgcflow_GCF_45
881	JAVIVO010000001.1.region002	bgcflow_GCF_45
882	JASNQX010000006.1.region004	bgcflow_GCF_45
883	JAVIVO010000001.1.region007	bgcflow_GCF_46
884	JAUCFM010000004.1.region004	bgcflow_GCF_46
885	JAUCFX010000005.1.region007	bgcflow_GCF_46
886	JASNQX010000006.1.region009	bgcflow_GCF_46
887	CP126105.1.region003	bgcflow_GCF_46
888	CP126104.1.region004	bgcflow_GCF_46
889	CP128143.1.region002	bgcflow_GCF_47
890	JAUKNS010000001.1.region003	bgcflow_GCF_47
891	BGC0002111	bgcflow_GCF_47
892	CP128135.1.region002	bgcflow_GCF_47
893	CP128141.1.region001	bgcflow_GCF_47
894	JAVIVW010000001.1.region003	bgcflow_GCF_48
895	BGC0001100	bgcflow_GCF_48
896	JAVIVS010000001.1.region001	bgcflow_GCF_48
897	CP126111.1.region001	bgcflow_GCF_48
898	CP126107.1.region001	bgcflow_GCF_48
899	CP128129.1.region002	bgcflow_GCF_49
900	CP128137.1.region002	bgcflow_GCF_49
901	CP128149.1.region002	bgcflow_GCF_49
902	BGC0001033	bgcflow_GCF_49
903	JAVIVM010000011.1.region001	bgcflow_GCF_49
904	CP126114.1.region002	bgcflow_GCF_50
905	CP126110.1.region005	bgcflow_GCF_50
906	CP126107.1.region003	bgcflow_GCF_50
907	JAUCEU010000007.1.region005	bgcflow_GCF_50
908	CP126093.1.region003	bgcflow_GCF_50
909	CP126104.1.region002	bgcflow_GCF_51
910	JASNQX010000006.1.region011	bgcflow_GCF_51
911	JAUCFX010000005.1.region009	bgcflow_GCF_51
912	BGC0000569	bgcflow_GCF_51
913	CP126081.1.region010	bgcflow_GCF_52
914	JAUCEO010000003.1.region010	bgcflow_GCF_52
915	JAVIVR010000002.1.region001	bgcflow_GCF_52
916	CP126521.1.region010	bgcflow_GCF_52
917	CP126517.1.region001	bgcflow_GCF_53
918	JAVIVQ010000018.1.region001	bgcflow_GCF_53
919	CP126528.1.region001	bgcflow_GCF_53
920	CP126522.1.region001	bgcflow_GCF_53
921	CP126083.1.region013	bgcflow_GCF_54
922	CP126082.1.region013	bgcflow_GCF_54
923	CP126094.1.region013	bgcflow_GCF_54
924	CP128116.1.region011	bgcflow_GCF_54
925	CP128149.1.region009	bgcflow_GCF_55
926	CP128129.1.region008	bgcflow_GCF_55
927	CP128137.1.region008	bgcflow_GCF_55
928	JAVIVY010000003.1.region008	bgcflow_GCF_55
929	CP128137.1.region010	bgcflow_GCF_56
930	BGC0000504	bgcflow_GCF_56
931	CP128149.1.region011	bgcflow_GCF_56
932	CP128129.1.region010	bgcflow_GCF_56
933	JAUCFT010000008.1.region002	bgcflow_GCF_57
934	BGC0002447	bgcflow_GCF_57
935	JAUCFU010000007.1.region002	bgcflow_GCF_57
936	CP128159.1.region001	bgcflow_GCF_57
937	BGC0001728	bgcflow_GCF_58
938	CP126084.1.region011	bgcflow_GCF_58
939	JAUCFL010000007.1.region004	bgcflow_GCF_58
940	JAUKNS010000001.1.region001	bgcflow_GCF_58
941	CP128112.1.region008	bgcflow_GCF_59
942	BGC0000950	bgcflow_GCF_59
943	JAVIVT010000002.1.region003	bgcflow_GCF_59
944	JAUKNS010000004.1.region001	bgcflow_GCF_59
945	JAUCER010000002.1.region005	bgcflow_GCF_60
946	CP126109.1.region004	bgcflow_GCF_60
947	JAUCFY010000002.1.region004	bgcflow_GCF_60
948	JAUCES010000005.1.region001	bgcflow_GCF_60
949	JAUCFK010000007.1.region007	bgcflow_GCF_61
950	CP126101.1.region004	bgcflow_GCF_61
951	CP126103.1.region004	bgcflow_GCF_61
952	JAVIVV010000005.1.region003	bgcflow_GCF_62
953	JAUCEM010000004.1.region001	bgcflow_GCF_62
954	BGC0000794	bgcflow_GCF_62
955	CP126113.1.region005	bgcflow_GCF_63
956	CP126077.1.region002	bgcflow_GCF_63
957	BGC0000852	bgcflow_GCF_63
958	CP127194.1.region012	bgcflow_GCF_64
959	BGC0000502	bgcflow_GCF_64
960	JAUKNS010000009.1.region001	bgcflow_GCF_64
961	JAVIVX010000007.1.region001	bgcflow_GCF_65
962	CP128110.1.region001	bgcflow_GCF_65
963	BGC0001863	bgcflow_GCF_65
964	JAUCFB010000008.1.region001	bgcflow_GCF_66
965	BGC0000562	bgcflow_GCF_66
966	CP126519.1.region001	bgcflow_GCF_66
967	JAUCFG010000002.1.region004	bgcflow_GCF_67
968	JAUCFS010000005.1.region004	bgcflow_GCF_67
969	JAUCFH010000001.1.region004	bgcflow_GCF_67
970	CP126093.1.region006	bgcflow_GCF_68
971	CP126115.1.region006	bgcflow_GCF_68
972	JAUCEU010000007.1.region002	bgcflow_GCF_68
973	JAUCFQ010000001.1.region002	bgcflow_GCF_69
974	JAUCFO010000001.1.region002	bgcflow_GCF_69
975	JAUCEN010000002.1.region006	bgcflow_GCF_69
976	CP126101.1.region005	bgcflow_GCF_70
977	CP126103.1.region005	bgcflow_GCF_70
978	JAUCFK010000007.1.region001	bgcflow_GCF_70
979	CP126096.1.region010	bgcflow_GCF_71
980	JAUCEX010000002.1.region010	bgcflow_GCF_71
981	JAUCFV010000005.1.region007	bgcflow_GCF_71
982	JAUCFS010000004.1.region001	bgcflow_GCF_72
983	JAUCFH010000006.1.region002	bgcflow_GCF_72
984	JAUCFG010000004.1.region001	bgcflow_GCF_72
985	CP126094.1.region003	bgcflow_GCF_73
986	CP126082.1.region003	bgcflow_GCF_73
987	CP126083.1.region003	bgcflow_GCF_73
988	CP126530.1.region002	bgcflow_GCF_74
989	CP128116.1.region002	bgcflow_GCF_74
990	CP126100.1.region002	bgcflow_GCF_74
991	JAUCFC010000003.1.region007	bgcflow_GCF_75
992	JAUCFF010000009.1.region007	bgcflow_GCF_75
993	BGC0000558	bgcflow_GCF_75
994	JAUCFF010000009.1.region013	bgcflow_GCF_76
995	JAUCFC010000003.1.region013	bgcflow_GCF_76
996	JAVIVU010000001.1.region010	bgcflow_GCF_76
997	JAUCFE010000008.1.region011	bgcflow_GCF_77
998	CP126592.1.region002	bgcflow_GCF_77
999	BGC0000560	bgcflow_GCF_77
1000	JAUCFG010000002.1.region001	bgcflow_GCF_78
1001	JAUCFH010000001.1.region001	bgcflow_GCF_78
1002	JAUCFS010000005.1.region001	bgcflow_GCF_78
1003	BGC0000527	bgcflow_GCF_79
1004	JAUCEQ010000002.1.region001	bgcflow_GCF_79
1005	JAUCET010000002.1.region001	bgcflow_GCF_79
1006	BGC0001843	bgcflow_GCF_80
1007	BGC0000449	bgcflow_GCF_80
1008	CP126079.1.region009	bgcflow_GCF_80
1009	CP126108.1.region004	bgcflow_GCF_81
1010	JAUCFP010000006.1.region005	bgcflow_GCF_81
1011	CP126102.1.region003	bgcflow_GCF_81
1012	JAUCFT010000008.1.region007	bgcflow_GCF_82
1013	JAUCFU010000008.1.region007	bgcflow_GCF_82
1014	CP128153.1.region007	bgcflow_GCF_82
1015	CP126107.1.region004	bgcflow_GCF_83
1016	CP126111.1.region006	bgcflow_GCF_83
1017	CP126114.1.region003	bgcflow_GCF_83
1018	JAUCER010000002.1.region006	bgcflow_GCF_84
1019	JAUCFY010000002.1.region005	bgcflow_GCF_84
1020	CP126109.1.region005	bgcflow_GCF_84
1021	CP126101.1.region002	bgcflow_GCF_85
1022	CP126103.1.region002	bgcflow_GCF_85
1023	JAUCFK010000007.1.region005	bgcflow_GCF_85
1024	CP126078.1.region004	bgcflow_GCF_86
1025	JAVIVM010000007.1.region001	bgcflow_GCF_86
1026	BGC0000452	bgcflow_GCF_86
1027	JAUCFL010000007.1.region002	bgcflow_GCF_87
1028	BGC0001034	bgcflow_GCF_87
1029	JAUKNS010000001.1.region002	bgcflow_GCF_87
1030	CP126078.1.region003	bgcflow_GCF_88
1031	BGC0000943	bgcflow_GCF_88
1032	BGC0001975	bgcflow_GCF_89
1033	JAUCFP010000006.1.region004	bgcflow_GCF_89
1034	BGC0002688	bgcflow_GCF_90
1035	JAUCFR010000004.1.region004	bgcflow_GCF_90
1036	CP126079.1.region011	bgcflow_GCF_91
1037	BGC0002632	bgcflow_GCF_91
1038	BGC0001532	bgcflow_GCF_92
1039	JAUCFN010000001.1.region003	bgcflow_GCF_92
1040	CP126592.1.region003	bgcflow_GCF_93
1041	BGC0000914	bgcflow_GCF_93
1042	BGC0001543	bgcflow_GCF_94
1043	JAVIVV010000002.1.region010	bgcflow_GCF_94
1044	BGC0001173	bgcflow_GCF_95
1045	CP126081.1.region005	bgcflow_GCF_95
1046	CP126079.1.region006	bgcflow_GCF_96
1047	BGC0001727	bgcflow_GCF_96
1048	CP128153.1.region004	bgcflow_GCF_97
1049	JAUCFU010000008.1.region004	bgcflow_GCF_97
1050	JAUCFD010000009.1.region009	bgcflow_GCF_98
1051	CP126091.1.region011	bgcflow_GCF_98
1052	JAUCFA010000003.1.region001	bgcflow_GCF_99
1053	CP128105.1.region001	bgcflow_GCF_99
1054	CP128119.1.region005	bgcflow_GCF_100
1055	CP127376.1.region006	bgcflow_GCF_100
1056	JAUCFU010000007.1.region001	bgcflow_GCF_101
1057	CP128159.1.region002	bgcflow_GCF_101
1058	BGC0002663	bgcflow_GCF_102
1059	JAVIWA010000001.1.region007	bgcflow_GCF_102
1060	JAUCEY010000008.1.region008	bgcflow_GCF_103
1061	JAUCEZ010000009.1.region008	bgcflow_GCF_103
1062	CP126078.1.region007	bgcflow_GCF_104
1063	JAVIVM010000002.1.region002	bgcflow_GCF_104
1064	CP126523.1.region001	bgcflow_GCF_105
1065	BGC0000626	bgcflow_GCF_105
1066	JAUCER010000002.1.region001	bgcflow_GCF_106
1067	CP126109.1.region001	bgcflow_GCF_106
1068	CP126515.1.region006	bgcflow_GCF_107
1069	CP126099.1.region007	bgcflow_GCF_107
1070	JAUCEQ010000002.1.region009	bgcflow_GCF_108
1071	JAUCET010000002.1.region009	bgcflow_GCF_108
1072	JAVIVM010000001.1.region001	bgcflow_GCF_109
1073	CP126078.1.region009	bgcflow_GCF_109
1074	CP126114.1.region001	bgcflow_GCF_110
1075	CP126110.1.region001	bgcflow_GCF_110
1076	CP126079.1.region017	bgcflow_GCF_111
1077	BGC0000796	bgcflow_GCF_111
1078	CP126111.1.region007	bgcflow_GCF_112
1079	BGC0001947	bgcflow_GCF_112
1080	CP126079.1.region014	bgcflow_GCF_113
1081	BGC0000542	bgcflow_GCF_113
1082	JAUCFD010000009.1.region010	bgcflow_GCF_114
1083	BGC0000525	bgcflow_GCF_114
1084	BGC0001152	bgcflow_GCF_115
1085	CP126079.1.region001	bgcflow_GCF_115
1086	BGC0000310	bgcflow_GCF_116
1087	JAVIWA010000059.1.region004	bgcflow_GCF_116
1088	BGC0002641	bgcflow_GCF_117
1089	CP126104.1.region011	bgcflow_GCF_117
1090	JAUCFN010000001.1.region002	bgcflow_GCF_118
1091	JAVIVN010000014.1.region003	bgcflow_GCF_118
1092	JAVIVN010000014.1.region001	bgcflow_GCF_119
1093	JAUCFN010000001.1.region001	bgcflow_GCF_119
1094	BGC0000367	bgcflow_GCF_120
1095	JAVIVM010000009.1.region001	bgcflow_GCF_120
1096	CP126084.1.region001	bgcflow_GCF_121
1097	BGC0002362	bgcflow_GCF_121
1098	JAUCFR010000004.1.region008	bgcflow_GCF_122
1099	BGC0000951	bgcflow_GCF_122
1100	CP126110.1.region006	bgcflow_GCF_123
1101	JAVIVS010000003.1.region003	bgcflow_GCF_123
1102	JAVIVM010000002.1.region004	bgcflow_GCF_124
1103	CP126078.1.region005	bgcflow_GCF_124
1104	CP126077.1.region003	bgcflow_GCF_125
1105	BGC0001575	bgcflow_GCF_125
1106	BGC0000178	bgcflow_GCF_126
1107	JAUCFT010000008.1.region001	bgcflow_GCF_126
1108	JAUKNS010000002.1.region002	bgcflow_GCF_127
1109	BGC0002284	bgcflow_GCF_127
1110	JAVIVO010000003.1.region001	bgcflow_GCF_128
1111	BGC0002385	bgcflow_GCF_128
1112	JAUCEP010000002.1.region003	bgcflow_GCF_129
1113	BGC0002656	bgcflow_GCF_129
1114	CP126078.1.region006	bgcflow_GCF_130
1115	JAVIVM010000002.1.region003	bgcflow_GCF_130
1116	JAUCEO010000003.1.region008	bgcflow_GCF_131
1117	JAVIVR010000002.1.region003	bgcflow_GCF_131
1118	BGC0000163	bgcflow_GCF_132
1119	CP126106.1.region010	bgcflow_GCF_132
1120	BGC0001520	bgcflow_GCF_133
1121	CP126079.1.region013	bgcflow_GCF_133
1122	JAVIWA010000001.1.region001	bgcflow_GCF_134
1123	BGC0000407	bgcflow_GCF_134
1124	CP126091.1.region005	bgcflow_GCF_135
1125	BGC0000112	bgcflow_GCF_135
1126	JAUCFL010000007.1.region010	bgcflow_GCF_136
1127	JAUCFP010000006.1.region001	bgcflow_GCF_137
1128	CP126108.1.region003	bgcflow_GCF_138
1129	CP126079.1.region008	bgcflow_GCF_139
1130	CP126110.1.region004	bgcflow_GCF_140
1131	JAUCFR010000004.1.region001	bgcflow_GCF_141
1132	CP128151.1.region002	bgcflow_GCF_142
1133	JAUCER010000001.1.region001	bgcflow_GCF_143
1134	CP126102.1.region002	bgcflow_GCF_144
1135	CP126115.1.region003	bgcflow_GCF_145
1136	JAUCFT010000008.1.region003	bgcflow_GCF_146
1137	CP126088.1.region003	bgcflow_GCF_147
1138	JAUCFM010000004.1.region002	bgcflow_GCF_148
1139	JAUCFH010000006.1.region001	bgcflow_GCF_149
1140	CP127376.1.region003	bgcflow_GCF_150
1141	CP128168.1.region002	bgcflow_GCF_151
1142	CP126106.1.region003	bgcflow_GCF_152
1143	CP126095.1.region003	bgcflow_GCF_153
1144	CP128119.1.region009	bgcflow_GCF_154
1145	JAUCFY010000002.1.region001	bgcflow_GCF_155
1146	CP126113.1.region003	bgcflow_GCF_156
1147	CP126079.1.region015	bgcflow_GCF_157
1148	CP126080.1.region002	bgcflow_GCF_158
1149	CP126095.1.region002	bgcflow_GCF_159
1150	CP126107.1.region005	bgcflow_GCF_160
1151	CP126109.1.region008	bgcflow_GCF_161
1152	JAVIVM010000009.1.region002	bgcflow_GCF_162
1153	CP126088.1.region001	bgcflow_GCF_163
1154	CP128183.1.region001	bgcflow_GCF_164
1155	JAUCFO010000001.1.region009	bgcflow_GCF_165
1156	CP128112.1.region001	bgcflow_GCF_166
1157	CP126084.1.region009	bgcflow_GCF_167
1158	CP128119.1.region001	bgcflow_GCF_168
1159	JAUCEL010000008.1.region004	bgcflow_GCF_169
1160	CP126084.1.region010	bgcflow_GCF_170
1161	JAUCFL010000007.1.region012	bgcflow_GCF_171
1162	CP126110.1.region002	bgcflow_GCF_172
1163	CP127194.1.region002	bgcflow_GCF_173
1164	CP128183.1.region010	bgcflow_GCF_174
1165	JAUCFW010000007.1.region003	bgcflow_GCF_175
1166	CP126091.1.region008	bgcflow_GCF_176
1167	CP126078.1.region002	bgcflow_GCF_177
1168	JAVIVN010000014.1.region004	bgcflow_GCF_178
1169	CP126084.1.region004	bgcflow_GCF_179
1170	CP126109.1.region006	bgcflow_GCF_180
1171	CP126111.1.region004	bgcflow_GCF_181
1172	CP126115.1.region002	bgcflow_GCF_182
1173	JAUCEU010000007.1.region001	bgcflow_GCF_183
1174	CP126080.1.region003	bgcflow_GCF_184
1175	CP126079.1.region007	bgcflow_GCF_185
1176	CP126093.1.region002	bgcflow_GCF_186
1177	CP126079.1.region003	bgcflow_GCF_187
1178	CP128109.1.region001	bgcflow_GCF_188
1179	JAUCFN010000002.1.region001	bgcflow_GCF_189
1180	CP126107.1.region002	bgcflow_GCF_190
1181	JAUCFT010000008.1.region005	bgcflow_GCF_191
1182	JAVIVM010000003.1.region001	bgcflow_GCF_192
1183	CP126108.1.region002	bgcflow_GCF_193
1184	JAUCEP010000002.1.region001	bgcflow_GCF_194
1185	CP126079.1.region005	bgcflow_GCF_195
1186	JAUCEM010000004.1.region002	bgcflow_GCF_196
1187	JAUKNS010000003.1.region001	bgcflow_GCF_197
1188	JAUCFW010000002.1.region001	bgcflow_GCF_198
1189	CP128168.1.region001	bgcflow_GCF_199
1190	CP126513.1.region001	bgcflow_GCF_200
1191	CP128119.1.region007	bgcflow_GCF_201
1192	CP127373.1.region001	bgcflow_GCF_202
1193	CP126095.1.region001	bgcflow_GCF_203
1194	CP126095.1.region005	bgcflow_GCF_204
1195	JAUCER010000002.1.region002	bgcflow_GCF_205
1196	JAVIVX010000001.1.region005	bgcflow_GCF_206
1197	JAUCES010000005.1.region003	bgcflow_GCF_207
1198	CP126084.1.region007	bgcflow_GCF_208
1199	CP126099.1.region001	bgcflow_GCF_209
1200	JAVIWA010000059.1.region005	bgcflow_GCF_210
1201	JAUCFL010000007.1.region007	bgcflow_GCF_211
1202	JAUCFL010000007.1.region009	bgcflow_GCF_212
1203	JAUCEN010000001.1.region001	bgcflow_GCF_213
1204	JAVIVT010000002.1.region004	bgcflow_GCF_214
1205	JAUCFL010000007.1.region014	bgcflow_GCF_215
1206	CP126108.1.region005	bgcflow_GCF_216
1207	CP128166.1.region007	bgcflow_GCF_217
1208	JAUKNS010000004.1.region002	bgcflow_GCF_218
1209	JAVIVW010000001.1.region002	bgcflow_GCF_219
1210	CP126084.1.region012	bgcflow_GCF_220
1211	JAUCFR010000004.1.region002	bgcflow_GCF_221
1212	JAVIVZ010000001.1.region005	bgcflow_GCF_222
1213	CP126110.1.region007	bgcflow_GCF_223
1214	CP126095.1.region006	bgcflow_GCF_224
1215	CP126084.1.region008	bgcflow_GCF_225
1216	CP126079.1.region012	bgcflow_GCF_226
1217	JAUCFN010000004.1.region001	bgcflow_GCF_227
1218	JAVIVV010000005.1.region002	bgcflow_GCF_228
1219	CP126105.1.region004	bgcflow_GCF_229
1220	JAUCEM010000006.1.region003	bgcflow_GCF_230
1221	JAUCEL010000008.1.region001	bgcflow_GCF_231
1222	JAVIVZ010000026.1.region001	bgcflow_GCF_232
1223	CP126518.1.region001	bgcflow_GCF_233
1224	CP126079.1.region010	bgcflow_GCF_234
1225	JAVIVV010000005.1.region001	bgcflow_GCF_235
1226	JAVIVN010000015.1.region001	bgcflow_GCF_236
1227	CP126106.1.region002	bgcflow_GCF_237
1228	JAUCFL010000007.1.region006	bgcflow_GCF_238
1229	JAVIVX010000002.1.region001	bgcflow_GCF_239
1230	JAUCFL010000007.1.region003	bgcflow_GCF_240
1231	JAUCFJ010000002.1.region003	bgcflow_GCF_241
1232	CP128151.1.region003	bgcflow_GCF_242
1233	CP126110.1.region003	bgcflow_GCF_243
1234	JAUCFM010000004.1.region012	bgcflow_GCF_244
1235	JAUCFL010000007.1.region011	bgcflow_GCF_245
1236	JAUKNS010000002.1.region003	bgcflow_GCF_246
1237	JAUCFL010000007.1.region005	bgcflow_GCF_247
1238	CP126080.1.region005	bgcflow_GCF_248
1239	JAVIVW010000015.1.region001	bgcflow_GCF_249
1240	CP126084.1.region006	bgcflow_GCF_250
1241	JAUCFR010000004.1.region005	bgcflow_GCF_251
1242	JAVIVT010000002.1.region001	bgcflow_GCF_252
1243	CP128168.1.region006	bgcflow_GCF_253
1244	CP126088.1.region002	bgcflow_GCF_254
1245	CP126113.1.region001	bgcflow_GCF_255
1246	CP126077.1.region005	bgcflow_GCF_256
1247	JAVIVS010000003.1.region002	bgcflow_GCF_257
1248	JAVIVW010000015.1.region002	bgcflow_GCF_258
1249	CP126115.1.region004	bgcflow_GCF_259
1250	JAVIVW010000002.1.region001	bgcflow_GCF_260
1251	JAUCEL010000001.1.region003	bgcflow_GCF_261
1252	JAUCFR010000004.1.region006	bgcflow_GCF_262
1253	JAUCES010000005.1.region002	bgcflow_GCF_263
1254	CP126113.1.region002	bgcflow_GCF_264
1255	JAUKNS010000002.1.region001	bgcflow_GCF_265
1256	CP126080.1.region004	bgcflow_GCF_266
1257	CP126114.1.region004	bgcflow_GCF_267
1258	CP126113.1.region004	bgcflow_GCF_268
1259	CP126111.1.region005	bgcflow_GCF_269
1260	JAUCFR010000004.1.region003	bgcflow_GCF_270
1261	CP126111.1.region003	bgcflow_GCF_271
1262	CP126077.1.region004	bgcflow_GCF_272
1263	JAUCEP010000002.1.region002	bgcflow_GCF_273
1264	JAVIVS010000003.1.region001	bgcflow_GCF_274
1265	JAVIVW010000002.1.region002	bgcflow_GCF_275
1266	JAUCFP010000006.1.region002	bgcflow_GCF_276
1267	CP126077.1.region001	bgcflow_GCF_277
1268	JAVIVW010000001.1.region001	bgcflow_GCF_278
1269	CP126095.1.region004	bgcflow_GCF_279
1270	JAUCFJ010000002.1.region002	bgcflow_GCF_280
1271	JAVIVN010000001.1.region008	bgcflow_GCF_281
1272	CP126079.1.region004	bgcflow_GCF_282
1273	CP126079.1.region002	bgcflow_GCF_283
